{
  "indicator-type": "Sensitive Sources",
  "visibility": {},
  "display": {
    "info_kinds": true
  },
  "contents": [
    {
      "label": "de.ecspride.ArrayAccess1",
      "contents": [
        {
          "signature": "<de.ecspride.ArrayAccess1: void onCreate(android.os.Bundle)>",
          "contents": [
            {
              "signature": "<android.telephony.TelephonyManager: java.lang.String getDeviceId()>",
              "link": "as_call",
              "info_kinds": "UNIQUE_IDENTIFIER ",
              "src-loc": {
                "class": "de.ecspride.ArrayAccess1",
                "line": 33
              }
            }
          ],
          "link": "as_entry_point"
        }
      ]
    }
  ]
}