{
  "indicator-type": "Sensitive Sources",
  "visibility": {},
  "display": {
    "info_kinds": true
  },
  "contents": [
    {
      "label": "de.ecspride.LocationLeak1$MyLocationListener",
      "contents": [
        {
          "signature": "<de.ecspride.LocationLeak1$MyLocationListener: void onLocationChanged(android.location.Location)>",
          "contents": [
            {
              "signature": "<android.location.Location: double getLongitude()>",
              "link": "as_call",
              "info_kinds": "LOCATION ",
              "src-loc": {
                "class": "de.ecspride.LocationLeak1",
                "line": 55
              }
            },
            {
              "signature": "<android.location.Location: double getLatitude()>",
              "link": "as_call",
              "info_kinds": "LOCATION ",
              "src-loc": {
                "class": "de.ecspride.LocationLeak1",
                "line": 54
              }
            }
          ],
          "link": "as_entry_point"
        }
      ]
    }
  ]
}