{
  "indicator-type" : "Entry Points",
  "visibility" :  {
    "call-chain" : true,
    "syscall"    : true  },
  "display"    :  {
    "calls"      : false,
    "syscalls"   : false,
    "score"      : false
  },
 "contents"   :  [
  { "type"       : "entry-point",
    "link"       : "as_entry_point",
    "signature"  : "<de.ecspride.LocationLeak1: void <init>()>",
    "src-loc"    : { "class"      : "de.ecspride.LocationLeak1", "line"       : 25},
    "syscalls"   : 2,
    "calls"      : 3,
    "score"      : 0,
    "contents"   :  [
    { "type"       : "syscall",
      "link"       : "as_call",
      "signature"  : "<android.app.Activity: void <init>()>",
      "src-loc"    : { "class"      : "de.ecspride.LocationLeak1", "line"       : 25},
      "syscalls"   : 1,
      "calls"      : 1,
      "score"      : 0
    },
    { "type"       : "syscall",
      "link"       : "as_call",
      "signature"  : "<java.lang.Object: void finalize()>",
      "src-loc"    : { "class"      : "java.lang.Object", "line"       : 187},
      "syscalls"   : 1,
      "calls"      : 1,
      "score"      : 0
    }
  ]},  { "type"       : "entry-point",
    "link"       : "as_entry_point",
    "signature"  : "<de.ecspride.LocationLeak1: void onResume()>",
    "src-loc"    : { "class"      : "de.ecspride.LocationLeak1", "line"       : 44},
    "syscalls"   : 13,
    "calls"      : 14,
    "score"      : 5,
    "contents"   :  [
    { "type"       : "syscall",
      "link"       : "as_call",
      "signature"  : "<android.app.Activity: void onResume()>",
      "src-loc"    : { "class"      : "de.ecspride.LocationLeak1", "line"       : 44},
      "syscalls"   : 1,
      "calls"      : 1,
      "score"      : 0
    },
    { "type"       : "syscall",
      "link"       : "as_call",
      "signature"  : "<android.util.Log: int d(java.lang.String,java.lang.String)>",
      "src-loc"    : { "class"      : "de.ecspride.LocationLeak1", "line"       : 47},
      "syscalls"   : 1,
      "calls"      : 1,
      "score"      : 2
    },
    { "type"       : "syscall",
      "link"       : "as_call",
      "signature"  : "<android.util.Log: int d_ds_method_clone_2(java.lang.String,java.lang.String)>",
      "src-loc"    : { "class"      : "de.ecspride.LocationLeak1", "line"       : 48},
      "syscalls"   : 1,
      "calls"      : 1,
      "score"      : 2
    },
    { "type"       : "syscall",
      "link"       : "as_call",
      "signature"  : "<java.lang.Double: double doubleValue()>",
      "src-loc"    : { "class"      : "de.ecspride.LocationLeak1", "line"       : 45},
      "syscalls"   : 1,
      "calls"      : 1,
      "score"      : 0
    },
    { "type"       : "syscall",
      "link"       : "as_call",
      "signature"  : "<java.lang.Double: java.lang.Double valueOf(java.lang.String)>",
      "src-loc"    : { "class"      : "de.ecspride.LocationLeak1", "line"       : 45},
      "syscalls"   : 1,
      "calls"      : 1,
      "score"      : 0
    },
    { "type"       : "syscall",
      "link"       : "as_call",
      "signature"  : "<java.lang.Double: java.lang.Double valueOf_ds_method_clone_2(java.lang.String)>",
      "src-loc"    : { "class"      : "de.ecspride.LocationLeak1", "line"       : 45},
      "syscalls"   : 1,
      "calls"      : 1,
      "score"      : 0
    },
    { "type"       : "syscall",
      "link"       : "as_call",
      "signature"  : "<java.lang.Double: java.lang.Double valueOf_ds_method_clone_3(java.lang.String)>",
      "src-loc"    : { "class"      : "de.ecspride.LocationLeak1", "line"       : 46},
      "syscalls"   : 1,
      "calls"      : 1,
      "score"      : 0
    },
    { "type"       : "syscall",
      "link"       : "as_call",
      "signature"  : "<java.lang.Double: java.lang.Double valueOf_ds_method_clone_4(java.lang.String)>",
      "src-loc"    : { "class"      : "de.ecspride.LocationLeak1", "line"       : 46},
      "syscalls"   : 1,
      "calls"      : 1,
      "score"      : 0
    },
    { "type"       : "syscall",
      "link"       : "as_call",
      "signature"  : "<java.lang.String: java.lang.String valueOf(double)>",
      "src-loc"    : { "class"      : "de.ecspride.LocationLeak1", "line"       : 45},
      "syscalls"   : 1,
      "calls"      : 1,
      "score"      : 0
    },
    { "type"       : "syscall",
      "link"       : "as_call",
      "signature"  : "<java.lang.String: java.lang.String valueOf_ds_method_clone_2(double)>",
      "src-loc"    : { "class"      : "de.ecspride.LocationLeak1", "line"       : 46},
      "syscalls"   : 1,
      "calls"      : 1,
      "score"      : 0
    },
    { "type"       : "syscall",
      "link"       : "as_call",
      "signature"  : "<java.lang.String: void <init>(java.lang.AbstractStringBuilder)>",
      "syscalls"   : 1,
      "calls"      : 1,
      "score"      : 0
    },
    { "type"       : "syscall",
      "link"       : "as_call",
      "signature"  : "<java.lang.StringBuilder: java.lang.StringBuilder append(java.lang.String)>",
      "src-loc"    : { "class"      : "de.ecspride.LocationLeak1", "line"       : 47},
      "syscalls"   : 1,
      "calls"      : 1,
      "score"      : 5
    },
    { "type"       : "syscall",
      "link"       : "as_call",
      "signature"  : "<java.lang.StringBuilder: void <init>(java.lang.String)>",
      "src-loc"    : { "class"      : "de.ecspride.LocationLeak1", "line"       : 47},
      "syscalls"   : 1,
      "calls"      : 1,
      "score"      : 0
    }
  ]},  { "type"       : "entry-point",
    "link"       : "as_entry_point",
    "signature"  : "<de.ecspride.LocationLeak1: void onCreate(android.os.Bundle)>",
    "src-loc"    : { "class"      : "de.ecspride.LocationLeak1", "line"       : 31},
    "syscalls"   : 11,
    "calls"      : 21,
    "score"      : 1,
    "contents"   :  [
    { "type"       : "syscall",
      "link"       : "as_call",
      "signature"  : "<android.app.Activity: java.lang.Object getSystemService(java.lang.String)>",
      "src-loc"    : { "class"      : "de.ecspride.LocationLeak1", "line"       : 35},
      "syscalls"   : 1,
      "calls"      : 1,
      "score"      : 0
    },
    { "type"       : "syscall",
      "link"       : "as_call",
      "signature"  : "<android.app.Activity: void onCreate(android.os.Bundle)>",
      "src-loc"    : { "class"      : "de.ecspride.LocationLeak1", "line"       : 31},
      "syscalls"   : 1,
      "calls"      : 1,
      "score"      : 0
    },
    { "type"       : "call-chain",
      "link"       : "as_call",
      "signature"  : "<android.location.LocationManager: void requestLocationUpdates(java.lang.String,long,float,android.location.LocationListener)>",
      "src-loc"    : { "class"      : "de.ecspride.LocationLeak1", "line"       : 38},
      "syscalls"   : 4,
      "calls"      : 11,
      "score"      : 1,
      "contents"   :  [
      { "type"       : "call-chain",
        "link"       : "as_call",
        "signature"  : "<de.ecspride.LocationLeak1$MyLocationListener: void onLocationChanged(android.location.Location)>",
        "src-loc"    : { "class"      : "android.location.LocationManager", "line"       : 489},
        "syscalls"   : 4,
        "calls"      : 7,
        "score"      : 1,
        "contents"   :  [
        { "type"       : "syscall",
          "link"       : "as_call",
          "signature"  : "<android.location.Location: double getLatitude()>",
          "src-loc"    : { "class"      : "de.ecspride.LocationLeak1", "line"       : 54},
          "syscalls"   : 1,
          "calls"      : 1,
          "score"      : 1
        },
        { "type"       : "syscall",
          "link"       : "as_call",
          "signature"  : "<android.location.Location: double getLongitude()>",
          "src-loc"    : { "class"      : "de.ecspride.LocationLeak1", "line"       : 55},
          "syscalls"   : 1,
          "calls"      : 1,
          "score"      : 1
        },
        { "type"       : "call-chain",
          "link"       : "as_call",
          "signature"  : "<de.ecspride.LocationLeak1: void access$0(de.ecspride.LocationLeak1,java.lang.String)>",
          "src-loc"    : { "class"      : "de.ecspride.LocationLeak1", "line"       : 57},
          "syscalls"   : 0,
          "calls"      : 1,
          "score"      : 0
        },
        { "type"       : "call-chain",
          "link"       : "as_call",
          "signature"  : "<de.ecspride.LocationLeak1: void access$1(de.ecspride.LocationLeak1,java.lang.String)>",
          "src-loc"    : { "class"      : "de.ecspride.LocationLeak1", "line"       : 58},
          "syscalls"   : 0,
          "calls"      : 1,
          "score"      : 0
        },
        { "type"       : "syscall",
          "link"       : "as_call",
          "signature"  : "<java.lang.Double: java.lang.String toString(double)>",
          "src-loc"    : { "class"      : "de.ecspride.LocationLeak1", "line"       : 57},
          "syscalls"   : 1,
          "calls"      : 1,
          "score"      : 0
        },
        { "type"       : "syscall",
          "link"       : "as_call",
          "signature"  : "<java.lang.Double: java.lang.String toString_ds_method_clone_2(double)>",
          "src-loc"    : { "class"      : "de.ecspride.LocationLeak1", "line"       : 58},
          "syscalls"   : 1,
          "calls"      : 1,
          "score"      : 0
        }
      ]},
      { "type"       : "call-chain",
        "link"       : "as_call",
        "signature"  : "<de.ecspride.LocationLeak1$MyLocationListener: void onProviderDisabled(java.lang.String)>",
        "src-loc"    : { "class"      : "android.location.LocationManager", "line"       : 493},
        "syscalls"   : 0,
        "calls"      : 1,
        "score"      : 0
      },
      { "type"       : "call-chain",
        "link"       : "as_call",
        "signature"  : "<de.ecspride.LocationLeak1$MyLocationListener: void onProviderEnabled(java.lang.String)>",
        "src-loc"    : { "class"      : "android.location.LocationManager", "line"       : 492},
        "syscalls"   : 0,
        "calls"      : 1,
        "score"      : 0
      },
      { "type"       : "call-chain",
        "link"       : "as_call",
        "signature"  : "<de.ecspride.LocationLeak1$MyLocationListener: void onStatusChanged(java.lang.String,int,android.os.Bundle)>",
        "src-loc"    : { "class"      : "android.location.LocationManager", "line"       : 494},
        "syscalls"   : 0,
        "calls"      : 1,
        "score"      : 0
      }
    ]},
    { "type"       : "call-chain",
      "link"       : "as_call",
      "signature"  : "<de.ecspride.LocationLeak1$MyLocationListener: void <init>(de.ecspride.LocationLeak1,de.ecspride.LocationLeak1$MyLocationListener)>",
      "src-loc"    : { "class"      : "de.ecspride.LocationLeak1", "line"       : 37},
      "syscalls"   : 3,
      "calls"      : 5,
      "score"      : 0,
      "contents"   :  [
      { "type"       : "call-chain",
        "link"       : "as_call",
        "signature"  : "<de.ecspride.LocationLeak1$MyLocationListener: void <init>(de.ecspride.LocationLeak1)>",
        "src-loc"    : { "class"      : "de.ecspride.LocationLeak1", "line"       : 51},
        "syscalls"   : 2,
        "calls"      : 3,
        "score"      : 0,
        "contents"   :  [
        { "type"       : "syscall",
          "link"       : "as_call",
          "signature"  : "<java.lang.Object: void <init>()>",
          "src-loc"    : { "class"      : "de.ecspride.LocationLeak1", "line"       : 51},
          "syscalls"   : 1,
          "calls"      : 1,
          "score"      : 0
        },
        { "type"       : "syscall",
          "link"       : "as_call",
          "signature"  : "<java.lang.Object: void finalize()>",
          "src-loc"    : { "class"      : "java.lang.Object", "line"       : 187},
          "syscalls"   : 1,
          "calls"      : 1,
          "score"      : 0
        }
      ]},
      { "type"       : "syscall",
        "link"       : "as_call",
        "signature"  : "<java.lang.Object: void finalize()>",
        "src-loc"    : { "class"      : "java.lang.Object", "line"       : 187},
        "syscalls"   : 1,
        "calls"      : 1,
        "score"      : 0
      }
    ]},
    { "type"       : "syscall",
      "link"       : "as_call",
      "signature"  : "<droidsafe.generated.ResourcesSoot: void initLayout_7f030000(android.content.Context)>",
      "syscalls"   : 1,
      "calls"      : 1,
      "score"      : 0
    },
    { "type"       : "syscall",
      "link"       : "as_call",
      "signature"  : "<toy_benchmark.ErrorFunction: void Error()>",
      "src-loc"    : { "class"      : "de.ecspride.LocationLeak1", "line"       : 39},
      "syscalls"   : 1,
      "calls"      : 1,
      "score"      : 0
    }
  ]},  { "type"       : "entry-point",
    "link"       : "as_entry_point",
    "signature"  : "<de.ecspride.LocationLeak1$MyLocationListener: void onLocationChanged(android.location.Location)>",
    "src-loc"    : { "class"      : "de.ecspride.LocationLeak1", "line"       : 54},
    "syscalls"   : 4,
    "calls"      : 7,
    "score"      : 1,
    "contents"   :  [
    { "type"       : "syscall",
      "link"       : "as_call",
      "signature"  : "<android.location.Location: double getLatitude()>",
      "src-loc"    : { "class"      : "de.ecspride.LocationLeak1", "line"       : 54},
      "syscalls"   : 1,
      "calls"      : 1,
      "score"      : 1
    },
    { "type"       : "syscall",
      "link"       : "as_call",
      "signature"  : "<android.location.Location: double getLongitude()>",
      "src-loc"    : { "class"      : "de.ecspride.LocationLeak1", "line"       : 55},
      "syscalls"   : 1,
      "calls"      : 1,
      "score"      : 1
    },
    { "type"       : "call-chain",
      "link"       : "as_call",
      "signature"  : "<de.ecspride.LocationLeak1: void access$0(de.ecspride.LocationLeak1,java.lang.String)>",
      "src-loc"    : { "class"      : "de.ecspride.LocationLeak1", "line"       : 57},
      "syscalls"   : 0,
      "calls"      : 1,
      "score"      : 0
    },
    { "type"       : "call-chain",
      "link"       : "as_call",
      "signature"  : "<de.ecspride.LocationLeak1: void access$1(de.ecspride.LocationLeak1,java.lang.String)>",
      "src-loc"    : { "class"      : "de.ecspride.LocationLeak1", "line"       : 58},
      "syscalls"   : 0,
      "calls"      : 1,
      "score"      : 0
    },
    { "type"       : "syscall",
      "link"       : "as_call",
      "signature"  : "<java.lang.Double: java.lang.String toString(double)>",
      "src-loc"    : { "class"      : "de.ecspride.LocationLeak1", "line"       : 57},
      "syscalls"   : 1,
      "calls"      : 1,
      "score"      : 0
    },
    { "type"       : "syscall",
      "link"       : "as_call",
      "signature"  : "<java.lang.Double: java.lang.String toString_ds_method_clone_2(double)>",
      "src-loc"    : { "class"      : "de.ecspride.LocationLeak1", "line"       : 58},
      "syscalls"   : 1,
      "calls"      : 1,
      "score"      : 0
    }
  ]},  { "type"       : "entry-point",
    "link"       : "as_entry_point",
    "signature"  : "<de.ecspride.LocationLeak1$MyLocationListener: void onStatusChanged(java.lang.String,int,android.os.Bundle)>",
    "src-loc"    : { "class"      : "de.ecspride.LocationLeak1", "line"       : 68},
    "syscalls"   : 0,
    "calls"      : 1,
    "score"      : 0
  },  { "type"       : "entry-point",
    "link"       : "as_entry_point",
    "signature"  : "<de.ecspride.LocationLeak1$MyLocationListener: void onProviderEnabled(java.lang.String)>",
    "src-loc"    : { "class"      : "de.ecspride.LocationLeak1", "line"       : 65},
    "syscalls"   : 0,
    "calls"      : 1,
    "score"      : 0
  },  { "type"       : "entry-point",
    "link"       : "as_entry_point",
    "signature"  : "<de.ecspride.LocationLeak1$MyLocationListener: void onProviderDisabled(java.lang.String)>",
    "src-loc"    : { "class"      : "de.ecspride.LocationLeak1", "line"       : 62},
    "syscalls"   : 0,
    "calls"      : 1,
    "score"      : 0
  },  {}
]}
