<?xml version="1.0" encoding="UTF-8"?>

<!--  
1. SourceApplication/SinkApplication: specifying it as package name of app
2. SourceClass/SinkClass: specifying it as full class (component name usually) name
using a.b.c.d$0 specifies all the anonymous sub class of a.b.c.d
-->

<DroidBench>
<TestCaseName>Clinit</TestCaseName>
<Version>2.1</Version>
  <Author>Droidsafe Project</Author>
  <AuthorEmail>droidsafe@csail.mit.edu</AuthorEmail>
  <Description>
  Testing static initializer(class)
  </Description>
  <Challenge>
  The order of execution of static initializers is not defined in Java.  This  test stresses a particular order to link a flow.
  </Challenge>

  <NumberOfLeak>1</NumberOfLeak>
  <Leaks>
  <Leak>
     <SourceApplication>edu.mit.clinit</SourceApplication>
     <SourceClass>edu.mit.clinit.MainActivity</SourceClass>
     <SourceMethod>getDeviceId()</SourceMethod>

     <SinkApplication>edu.mit.clinit</SinkApplication>
     <SinkClass>edu.mit.clinit.MainActivity</SinkClass>
     <SinkMethod>i(java.lang.String,java.lang.String)></SinkMethod>
  </Leak>
  </Leaks>
</DroidBench>
